employee_id,first_name,last_name,department_id,job_title,salary,hire_date,manager_id,,,,,
1,John,Smith,1,Sales Manager,65000,15/03/2016,,,,,,
2,Sarah,Johnson,2,Marketing Manager,62000,15/05/2017,,,,,,
3,Michael,Brown,3,IT Manager,75000,15/07/2018,,,,,,
4,Emily,Davis,4,HR Manager,58000,15/09/2019,,,,,,
5,David,Wilson,5,Finance Manager,70000,15/11/2020,,,,,,
6,Robert,Miller,6,Operations Manager,68000,15/01/2016,,,,,,
7,Jessica,Taylor,7,Customer Service Manager,55000,15/03/2017,,,,,,
8,Daniel,Anderson,8,Logistics Manager,61000,15/05/2018,,,,,,
9,James,Thomas,9,Procurement Manager,63000,15/07/2019,,,,,,
10,William,Moore,10,Data Analyst,60000,15/09/2020,,,,,,
11,Employee_1,User_1,1,Associate,31379,07/02/2019,,,,,,
12,Employee_2,User_2,2,Associate,32758,16/03/2019,,,,,,
13,Employee_3,User_3,3,Executive,34137,22/04/2019,,,,,,
14,Employee_4,User_4,4,Associate,35516,29/05/2019,,,,,,
15,Employee_5,User_5,5,Senior Executive,36895,05/07/2019,,,,,,
16,Employee_6,User_6,6,Executive,38274,11/08/2019,,,,,,
17,Employee_7,User_7,7,Associate,39653,17/09/2019,,,,,,
18,Employee_8,User_8,8,Associate,41032,24/10/2019,,,,,,
19,Employee_9,User_9,9,Executive,42411,30/11/2019,,,,,,
20,Employee_10,User_10,10,Senior Executive,43790,06/01/2020,,,,,,
21,Employee_11,User_11,1,Associate,45169,12/02/2020,,,,,,
22,Employee_12,User_12,2,Executive,46548,20/03/2020,,,,,,
23,Employee_13,User_13,3,Associate,47927,26/04/2020,,,,,,
24,Employee_14,User_14,4,Associate,49306,02/06/2020,,,,,,
25,Employee_15,User_15,5,Senior Executive,50685,09/07/2020,,,,,,
26,Employee_16,User_16,6,Associate,52064,15/08/2020,,,,,,
27,Employee_17,User_17,7,Associate,53443,21/09/2020,,,,,,
28,Employee_18,User_18,8,Executive,54822,28/10/2020,,,,,,
29,Employee_19,User_19,9,Associate,56201,04/12/2020,,,,,,
30,Employee_20,User_20,10,Senior Executive,57580,10/01/2021,,,,,,
31,Employee_21,User_21,1,Executive,58959,16/02/2021,,,,,,
32,Employee_22,User_22,2,Associate,60338,25/03/2021,,,,,,
33,Employee_23,User_23,3,Associate,61717,01/05/2021,,,,,,
34,Employee_24,User_24,4,Executive,63096,07/06/2021,,,,,,
35,Employee_25,User_25,5,Senior Executive,64475,14/07/2021,,,,,,
36,Employee_26,User_26,6,Associate,30854,20/08/2021,,,,,,
37,Employee_27,User_27,7,Executive,32233,26/09/2021,,,,,,
38,Employee_28,User_28,8,Associate,33612,02/11/2021,,,,,,
39,Employee_29,User_29,9,Associate,34991,09/12/2021,,,,,,
40,Employee_30,User_30,10,Senior Executive,36370,15/01/2022,,,,,,
41,Employee_31,User_31,1,Associate,37749,21/02/2022,,,,,,
42,Employee_32,User_32,2,Associate,39128,30/03/2022,,,,,,
43,Employee_33,User_33,3,Executive,40507,06/05/2022,,,,,,
44,Employee_34,User_34,4,Associate,41886,12/06/2022,,,,,,
45,Employee_35,User_35,5,Senior Executive,43265,19/07/2022,,,,,,
46,Employee_36,User_36,6,Executive,44644,25/08/2022,,,,,,
47,Employee_37,User_37,7,Associate,46023,01/10/2022,,,,,,
48,Employee_38,User_38,8,Associate,47402,07/11/2022,,,,,,
49,Employee_39,User_39,9,Executive,48781,14/12/2022,,,,,,
50,Employee_40,User_40,10,Senior Executive,50160,20/01/2023,,,,,,
51,Employee_41,User_41,1,Associate,51539,26/02/2023,,,,,,
52,Employee_42,User_42,2,Executive,52918,04/04/2023,,,,,,
53,Employee_43,User_43,3,Associate,54297,11/05/2023,,,,,,
54,Employee_44,User_44,4,Associate,55676,17/06/2023,,,,,,
55,Employee_45,User_45,5,Senior Executive,57055,24/07/2023,,,,,,
56,Employee_46,User_46,6,Associate,58434,30/08/2023,,,,,,
57,Employee_47,User_47,7,Associate,59813,06/10/2023,,,,,,
58,Employee_48,User_48,8,Executive,61192,12/11/2023,,,,,,
59,Employee_49,User_49,9,Associate,62571,19/12/2023,,,,,,
60,Employee_50,User_50,10,Senior Executive,63950,25/01/2024,,,,,,
61,Employee_51,User_51,1,Executive,30329,02/03/2024,,,,,,
62,Employee_52,User_52,2,Associate,31708,08/04/2024,,,,,,
63,Employee_53,User_53,3,Associate,33087,15/05/2024,,,,,,
64,Employee_54,User_54,4,Executive,34466,21/06/2024,,,,,,
65,Employee_55,User_55,5,Senior Executive,35845,28/07/2024,,,,,,
66,Employee_56,User_56,6,Associate,37224,03/09/2024,,,,,,
67,Employee_57,User_57,7,Executive,38603,10/10/2024,,,,,,
68,Employee_58,User_58,8,Associate,39982,16/11/2024,,,,,,
69,Employee_59,User_59,9,Associate,41361,23/12/2024,,,,,,
70,Employee_60,User_60,10,Senior Executive,42740,29/01/2025,,,,,,
71,Employee_61,User_61,1,Associate,44119,07/03/2025,,,,,,
72,Employee_62,User_62,2,Associate,45498,13/04/2025,,,,,,
73,Employee_63,User_63,3,Executive,46877,20/05/2025,,,,,,
74,Employee_64,User_64,4,Associate,48256,26/06/2025,,,,,,
75,Employee_65,User_65,5,Senior Executive,49635,02/08/2025,,,,,,
76,Employee_66,User_66,6,Executive,51014,08/09/2025,,,,,,
77,Employee_67,User_67,7,Associate,52393,15/10/2025,,,,,,
78,Employee_68,User_68,8,Associate,53772,17/01/2019,,,,,,
79,Employee_69,User_69,9,Executive,55151,23/02/2019,,,,,,
80,Employee_70,User_70,10,Senior Executive,56530,01/04/2019,,,,,,
81,Employee_71,User_71,1,Associate,57909,08/05/2019,,,,,,
82,Employee_72,User_72,2,Executive,59288,14/06/2019,,,,,,
83,Employee_73,User_73,3,Associate,60667,21/07/2019,,,,,,
84,Employee_74,User_74,4,Associate,62046,27/08/2019,,,,,,
85,Employee_75,User_75,5,Senior Executive,63425,03/10/2019,,,,,,
86,Employee_76,User_76,6,Associate,64804,09/11/2019,,,,,,
87,Employee_77,User_77,7,Associate,31183,16/12/2019,,,,,,
88,Employee_78,User_78,8,Executive,32562,22/01/2020,,,,,,
89,Employee_79,User_79,9,Associate,33941,28/02/2020,,,,,,
90,Employee_80,User_80,10,Senior Executive,35320,05/04/2020,,,,,,
91,Employee_81,User_81,1,Executive,36699,12/05/2020,,,,,,
92,Employee_82,User_82,2,Associate,38078,18/06/2020,,,,,,
93,Employee_83,User_83,3,Associate,39457,25/07/2020,,,,,,
94,Employee_84,User_84,4,Executive,40836,31/08/2020,,,,,,
95,Employee_85,User_85,5,Senior Executive,42215,07/10/2020,,,,,,
96,Employee_86,User_86,6,Associate,43594,13/11/2020,,,,,,
97,Employee_87,User_87,7,Executive,44973,20/12/2020,,,,,,
98,Employee_88,User_88,8,Associate,46352,26/01/2021,,,,,,
99,Employee_89,User_89,9,Associate,47731,04/03/2021,,,,,,
100,Employee_90,User_90,10,Senior Executive,49110,10/04/2021,,,,,,
