product_id,product_name,category_id,supplier_id,cost_price,selling_price,stock_quantity,reorder_level,product_status,created_date
1,Product 1,2,2,831,1061,67,23,Active,2020-01-30
2,Product 2,3,3,1562,1972,114,36,Active,2020-02-28
3,Product 3,4,4,2293,2883,161,49,Active,2020-03-28
4,Product 4,5,5,3024,3794,208,62,Active,2020-04-26
5,Professional Product 5,6,6,3755,4705,255,75,Active,2020-05-25
6,Product 6,7,7,4486,5616,302,88,Active,2020-06-23
7,Product 7,8,8,217,6527,349,101,Active,2020-07-22
8,Product 8,9,9,948,7438,396,14,Active,2020-08-20
9,Product 9,10,10,1679,349,443,27,Active,2020-09-18
10,Premium Product 10,11,11,2410,1260,490,40,Active,2020-10-17
11,Product 11,12,12,3141,2171,37,53,Active,2020-11-15
12,Product 12,13,13,3872,3082,84,66,Active,2020-12-14
13,Product 13,14,14,4603,3993,131,79,Active,2021-01-12
14,Product 14,15,15,334,4904,178,92,Active,2021-02-10
15,Professional Product 15,16,16,1065,5815,225,105,Inactive,2021-03-11
16,Product 16,17,17,1796,6726,272,18,Active,2021-04-09
17,Product 17,18,18,2527,7637,319,31,Active,2021-05-08
18,Product 18,19,19,3258,548,366,44,Active,2021-06-06
19,Product 19,20,20,3989,1459,413,57,Active,2021-07-05
20,Premium Product 20,1,21,4720,2370,460,70,Discontinued,2021-08-03
21,Product 21,2,22,451,3281,507,83,Active,2021-09-01
22,Product 22,3,23,1182,4192,54,96,Active,2021-09-30
23,Product 23,4,24,1913,5103,101,109,Active,2021-10-29
24,Product 24,5,25,2644,6014,148,22,Active,2021-11-27
25,Professional Product 25,6,26,3375,6925,195,35,Active,2021-12-26
26,Product 26,7,27,4106,7836,242,48,Active,2022-01-24
27,Product 27,8,28,4837,747,289,61,Active,2022-02-22
28,Product 28,9,29,568,1658,336,74,Active,2022-03-23
29,Product 29,10,30,1299,2569,383,87,Active,2022-04-21
30,Premium Product 30,11,31,2030,3480,430,100,Inactive,2022-05-20
31,Product 31,12,32,2761,4391,477,13,Active,2022-06-18
32,Product 32,13,33,3492,5302,24,26,Active,2022-07-17
33,Product 33,14,34,4223,6213,71,39,Active,2022-08-15
34,Product 34,15,35,4954,7124,118,52,Active,2022-09-13
35,Professional Product 35,16,36,685,8035,165,65,Active,2022-10-12
36,Product 36,17,37,1416,946,212,78,Active,2022-11-10
37,Product 37,18,38,2147,1857,259,91,Active,2022-12-09
38,Product 38,19,39,2878,2768,306,104,Active,2023-01-07
39,Product 39,20,40,3609,3679,353,17,Active,2023-02-05
40,Premium Product 40,1,41,4340,4590,400,30,Discontinued,2023-03-06
41,Product 41,2,42,5071,5501,447,43,Active,2023-04-04
42,Product 42,3,43,802,6412,494,56,Active,2023-05-03
43,Product 43,4,44,1533,7323,41,69,Active,2023-06-01
44,Product 44,5,45,2264,234,88,82,Active,2023-06-30
45,Professional Product 45,6,46,2995,1145,135,95,Inactive,2023-07-29
46,Product 46,7,47,3726,2056,182,108,Active,2023-08-27
47,Product 47,8,48,4457,2967,229,21,Active,2023-09-25
48,Product 48,9,49,188,3878,276,34,Active,2023-10-24
49,Product 49,10,50,919,4789,323,47,Active,2023-11-22
50,Premium Product 50,11,1,1650,5700,370,60,Active,2023-12-21
51,Product 51,12,2,2381,6611,417,73,Active,2024-01-19
52,Product 52,13,3,3112,7522,464,86,Active,2024-02-17
53,Product 53,14,4,3843,433,511,99,Active,2024-03-17
54,Product 54,15,5,4574,1344,58,12,Active,2024-04-15
55,Professional Product 55,16,6,305,2255,105,25,Active,2024-05-14
56,Product 56,17,7,1036,3166,152,38,Active,2024-06-12
57,Product 57,18,8,1767,4077,199,51,Active,2024-07-11
58,Product 58,19,9,2498,4988,246,64,Active,2024-08-09
59,Product 59,20,10,3229,5899,293,77,Active,2024-09-07
60,Premium Product 60,1,11,3960,6810,340,90,Discontinued,2024-10-06
61,Product 61,2,12,4691,7721,387,103,Active,2024-11-04
62,Product 62,3,13,422,632,434,16,Active,2024-12-03
63,Product 63,4,14,1153,1543,481,29,Active,2025-01-01
64,Product 64,5,15,1884,2454,28,42,Active,2025-01-30
65,Professional Product 65,6,16,2615,3365,75,55,Active,2025-02-28
66,Product 66,7,17,3346,4276,122,68,Active,2025-03-29
67,Product 67,8,18,4077,5187,169,81,Active,2025-04-27
68,Product 68,9,19,4808,6098,216,94,Active,2025-05-26
69,Product 69,10,20,539,7009,263,107,Active,2020-01-02
70,Premium Product 70,11,21,1270,7920,310,20,Active,2020-01-31
71,Product 71,12,22,2001,831,357,33,Active,2020-02-29
72,Product 72,13,23,2732,1742,404,46,Active,2020-03-29
73,Product 73,14,24,3463,2653,451,59,Active,2020-04-27
74,Product 74,15,25,4194,3564,498,72,Active,2020-05-26
75,Professional Product 75,16,26,4925,4475,45,85,Inactive,2020-06-24
76,Product 76,17,27,656,5386,92,98,Active,2020-07-23
77,Product 77,18,28,1387,6297,139,11,Active,2020-08-21
78,Product 78,19,29,2118,7208,186,24,Active,2020-09-19
79,Product 79,20,30,2849,8119,233,37,Active,2020-10-18
80,Premium Product 80,1,31,3580,1030,280,50,Discontinued,2020-11-16
81,Product 81,2,32,4311,1941,327,63,Active,2020-12-15
82,Product 82,3,33,5042,2852,374,76,Active,2021-01-13
83,Product 83,4,34,773,3763,421,89,Active,2021-02-11
84,Product 84,5,35,1504,4674,468,102,Active,2021-03-12
85,Professional Product 85,6,36,2235,5585,515,15,Active,2021-04-10
86,Product 86,7,37,2966,6496,62,28,Active,2021-05-09
87,Product 87,8,38,3697,7407,109,41,Active,2021-06-07
88,Product 88,9,39,4428,318,156,54,Active,2021-07-06
89,Product 89,10,40,159,1229,203,67,Active,2021-08-04
90,Premium Product 90,11,41,890,2140,250,80,Inactive,2021-09-02
91,Product 91,12,42,1621,3051,297,93,Active,2021-10-01
92,Product 92,13,43,2352,3962,344,106,Active,2021-10-30
93,Product 93,14,44,3083,4873,391,19,Active,2021-11-28
94,Product 94,15,45,3814,5784,438,32,Active,2021-12-27
95,Professional Product 95,16,46,4545,6695,485,45,Active,2022-01-25
96,Product 96,17,47,276,7606,32,58,Active,2022-02-23
97,Product 97,18,48,1007,517,79,71,Active,2022-03-24
98,Product 98,19,49,1738,1428,126,84,Active,2022-04-22
99,Product 99,20,50,2469,2339,173,97,Active,2022-05-21
100,Premium Product 100,1,1,3200,3250,220,10,Discontinued,2022-06-19
101,Product 101,2,2,3931,4161,267,23,Active,2022-07-18
102,Product 102,3,3,4662,5072,314,36,Active,2022-08-16
103,Product 103,4,4,393,5983,361,49,Active,2022-09-14
104,Product 104,5,5,1124,6894,408,62,Active,2022-10-13
105,Professional Product 105,6,6,1855,7805,455,75,Inactive,2022-11-11
106,Product 106,7,7,2586,716,502,88,Active,2022-12-10
107,Product 107,8,8,3317,1627,49,101,Active,2023-01-08
108,Product 108,9,9,4048,2538,96,14,Active,2023-02-06
109,Product 109,10,10,4779,3449,143,27,Active,2023-03-07
110,Premium Product 110,11,11,510,4360,190,40,Active,2023-04-05
111,Product 111,12,12,1241,5271,237,53,Active,2023-05-04
112,Product 112,13,13,1972,6182,284,66,Active,2023-06-02
113,Product 113,14,14,2703,7093,331,79,Active,2023-07-01
114,Product 114,15,15,3434,8004,378,92,Active,2023-07-30
115,Professional Product 115,16,16,4165,915,425,105,Active,2023-08-28
116,Product 116,17,17,4896,1826,472,18,Active,2023-09-26
117,Product 117,18,18,627,2737,519,31,Active,2023-10-25
118,Product 118,19,19,1358,3648,66,44,Active,2023-11-23
119,Product 119,20,20,2089,4559,113,57,Active,2023-12-22
120,Premium Product 120,1,21,2820,5470,160,70,Discontinued,2024-01-20
121,Product 121,2,22,3551,6381,207,83,Active,2024-02-18
122,Product 122,3,23,4282,7292,254,96,Active,2024-03-18
123,Product 123,4,24,5013,203,301,109,Active,2024-04-16
124,Product 124,5,25,744,1114,348,22,Active,2024-05-15
125,Professional Product 125,6,26,1475,2025,395,35,Active,2024-06-13
126,Product 126,7,27,2206,2936,442,48,Active,2024-07-12
127,Product 127,8,28,2937,3847,489,61,Active,2024-08-10
128,Product 128,9,29,3668,4758,36,74,Active,2024-09-08
129,Product 129,10,30,4399,5669,83,87,Active,2024-10-07
130,Premium Product 130,11,31,130,6580,130,100,Active,2024-11-05
131,Product 131,12,32,861,7491,177,13,Active,2024-12-04
132,Product 132,13,33,1592,402,224,26,Active,2025-01-02
133,Product 133,14,34,2323,1313,271,39,Active,2025-01-31
134,Product 134,15,35,3054,2224,318,52,Active,2025-03-01
135,Professional Product 135,16,36,3785,3135,365,65,Inactive,2025-03-30
136,Product 136,17,37,4516,4046,412,78,Active,2025-04-28
137,Product 137,18,38,247,4957,459,91,Active,2025-05-27
138,Product 138,19,39,978,5868,506,104,Active,2020-01-03
139,Product 139,20,40,1709,6779,53,17,Active,2020-02-01
140,Premium Product 140,1,41,2440,7690,100,30,Discontinued,2020-03-01
141,Product 141,2,42,3171,601,147,43,Active,2020-03-30
142,Product 142,3,43,3902,1512,194,56,Active,2020-04-28
143,Product 143,4,44,4633,2423,241,69,Active,2020-05-27
144,Product 144,5,45,364,3334,288,82,Active,2020-06-25
145,Professional Product 145,6,46,1095,4245,335,95,Active,2020-07-24
146,Product 146,7,47,1826,5156,382,108,Active,2020-08-22
147,Product 147,8,48,2557,6067,429,21,Active,2020-09-20
148,Product 148,9,49,3288,6978,476,34,Active,2020-10-19
149,Product 149,10,50,4019,7889,23,47,Active,2020-11-17
150,Premium Product 150,11,1,4750,800,70,60,Inactive,2020-12-16
151,Product 151,12,2,481,1711,117,73,Active,2021-01-14
152,Product 152,13,3,1212,2622,164,86,Active,2021-02-12
153,Product 153,14,4,1943,3533,211,99,Active,2021-03-13
154,Product 154,15,5,2674,4444,258,12,Active,2021-04-11
155,Professional Product 155,16,6,3405,5355,305,25,Active,2021-05-10
156,Product 156,17,7,4136,6266,352,38,Active,2021-06-08
157,Product 157,18,8,4867,7177,399,51,Active,2021-07-07
158,Product 158,19,9,598,8088,446,64,Active,2021-08-05
159,Product 159,20,10,1329,999,493,77,Active,2021-09-03
160,Premium Product 160,1,11,2060,1910,40,90,Discontinued,2021-10-02
161,Product 161,2,12,2791,2821,87,103,Active,2021-10-31
162,Product 162,3,13,3522,3732,134,16,Active,2021-11-29
163,Product 163,4,14,4253,4643,181,29,Active,2021-12-28
164,Product 164,5,15,4984,5554,228,42,Active,2022-01-26
165,Professional Product 165,6,16,715,6465,275,55,Inactive,2022-02-24
166,Product 166,7,17,1446,7376,322,68,Active,2022-03-25
167,Product 167,8,18,2177,287,369,81,Active,2022-04-23
168,Product 168,9,19,2908,1198,416,94,Active,2022-05-22
169,Product 169,10,20,3639,2109,463,107,Active,2022-06-20
170,Premium Product 170,11,21,4370,3020,510,20,Active,2022-07-19
171,Product 171,12,22,101,3931,57,33,Active,2022-08-17
172,Product 172,13,23,832,4842,104,46,Active,2022-09-15
173,Product 173,14,24,1563,5753,151,59,Active,2022-10-14
174,Product 174,15,25,2294,6664,198,72,Active,2022-11-12
175,Professional Product 175,16,26,3025,7575,245,85,Active,2022-12-11
176,Product 176,17,27,3756,486,292,98,Active,2023-01-09
177,Product 177,18,28,4487,1397,339,11,Active,2023-02-07
178,Product 178,19,29,218,2308,386,24,Active,2023-03-08
179,Product 179,20,30,949,3219,433,37,Active,2023-04-06
180,Premium Product 180,1,31,1680,4130,480,50,Discontinued,2023-05-05
181,Product 181,2,32,2411,5041,27,63,Active,2023-06-03
182,Product 182,3,33,3142,5952,74,76,Active,2023-07-02
183,Product 183,4,34,3873,6863,121,89,Active,2023-07-31
184,Product 184,5,35,4604,7774,168,102,Active,2023-08-29
185,Professional Product 185,6,36,335,685,215,15,Active,2023-09-27
186,Product 186,7,37,1066,1596,262,28,Active,2023-10-26
187,Product 187,8,38,1797,2507,309,41,Active,2023-11-24
188,Product 188,9,39,2528,3418,356,54,Active,2023-12-23
189,Product 189,10,40,3259,4329,403,67,Active,2024-01-21
190,Premium Product 190,11,41,3990,5240,450,80,Active,2024-02-19
191,Product 191,12,42,4721,6151,497,93,Active,2024-03-19
192,Product 192,13,43,452,7062,44,106,Active,2024-04-17
193,Product 193,14,44,1183,7973,91,19,Active,2024-05-16
194,Product 194,15,45,1914,884,138,32,Active,2024-06-14
195,Professional Product 195,16,46,2645,1795,185,45,Inactive,2024-07-13
196,Product 196,17,47,3376,2706,232,58,Active,2024-08-11
197,Product 197,18,48,4107,3617,279,71,Active,2024-09-09
198,Product 198,19,49,4838,4528,326,84,Active,2024-10-08
199,Product 199,20,50,569,5439,373,97,Active,2024-11-06
200,Premium Product 200,1,1,1300,6350,420,10,Discontinued,2024-12-05
201,Product 201,2,2,2031,7261,467,23,Active,2025-01-03
202,Product 202,3,3,2762,172,514,36,Active,2025-02-01
203,Product 203,4,4,3493,1083,61,49,Active,2025-03-02
204,Product 204,5,5,4224,1994,108,62,Active,2025-03-31
205,Professional Product 205,6,6,4955,2905,155,75,Active,2025-04-29
206,Product 206,7,7,686,3816,202,88,Active,2025-05-28
207,Product 207,8,8,1417,4727,249,101,Active,2020-01-04
208,Product 208,9,9,2148,5638,296,14,Active,2020-02-02
209,Product 209,10,10,2879,6549,343,27,Active,2020-03-02
210,Premium Product 210,11,11,3610,7460,390,40,Inactive,2020-03-31
211,Product 211,12,12,4341,371,437,53,Active,2020-04-29
212,Product 212,13,13,5072,1282,484,66,Active,2020-05-28
213,Product 213,14,14,803,2193,31,79,Active,2020-06-26
214,Product 214,15,15,1534,3104,78,92,Active,2020-07-25
215,Professional Product 215,16,16,2265,4015,125,105,Active,2020-08-23
216,Product 216,17,17,2996,4926,172,18,Active,2020-09-21
217,Product 217,18,18,3727,5837,219,31,Active,2020-10-20
218,Product 218,19,19,4458,6748,266,44,Active,2020-11-18
219,Product 219,20,20,189,7659,313,57,Active,2020-12-17
220,Premium Product 220,1,21,920,570,360,70,Discontinued,2021-01-15
221,Product 221,2,22,1651,1481,407,83,Active,2021-02-13
222,Product 222,3,23,2382,2392,454,96,Active,2021-03-14
223,Product 223,4,24,3113,3303,501,109,Active,2021-04-12
224,Product 224,5,25,3844,4214,48,22,Active,2021-05-11
225,Professional Product 225,6,26,4575,5125,95,35,Inactive,2021-06-09
226,Product 226,7,27,306,6036,142,48,Active,2021-07-08
227,Product 227,8,28,1037,6947,189,61,Active,2021-08-06
228,Product 228,9,29,1768,7858,236,74,Active,2021-09-04
229,Product 229,10,30,2499,769,283,87,Active,2021-10-03
230,Premium Product 230,11,31,3230,1680,330,100,Active,2021-11-01
231,Product 231,12,32,3961,2591,377,13,Active,2021-11-30
232,Product 232,13,33,4692,3502,424,26,Active,2021-12-29
233,Product 233,14,34,423,4413,471,39,Active,2022-01-27
234,Product 234,15,35,1154,5324,518,52,Active,2022-02-25
235,Professional Product 235,16,36,1885,6235,65,65,Active,2022-03-26
236,Product 236,17,37,2616,7146,112,78,Active,2022-04-24
237,Product 237,18,38,3347,8057,159,91,Active,2022-05-23
238,Product 238,19,39,4078,968,206,104,Active,2022-06-21
239,Product 239,20,40,4809,1879,253,17,Active,2022-07-20
240,Premium Product 240,1,41,540,2790,300,30,Discontinued,2022-08-18
241,Product 241,2,42,1271,3701,347,43,Active,2022-09-16
242,Product 242,3,43,2002,4612,394,56,Active,2022-10-15
243,Product 243,4,44,2733,5523,441,69,Active,2022-11-13
244,Product 244,5,45,3464,6434,488,82,Active,2022-12-12
245,Professional Product 245,6,46,4195,7345,35,95,Active,2023-01-10
246,Product 246,7,47,4926,256,82,108,Active,2023-02-08
247,Product 247,8,48,657,1167,129,21,Active,2023-03-09
248,Product 248,9,49,1388,2078,176,34,Active,2023-04-07
249,Product 249,10,50,2119,2989,223,47,Active,2023-05-06
250,Premium Product 250,11,1,2850,3900,270,60,Active,2023-06-04
251,Product 251,12,2,3581,4811,317,73,Active,2023-07-03
252,Product 252,13,3,4312,5722,364,86,Active,2023-08-01
253,Product 253,14,4,5043,6633,411,99,Active,2023-08-30
254,Product 254,15,5,774,7544,458,12,Active,2023-09-28
255,Professional Product 255,16,6,1505,455,505,25,Inactive,2023-10-27
256,Product 256,17,7,2236,1366,52,38,Active,2023-11-25
257,Product 257,18,8,2967,2277,99,51,Active,2023-12-24
258,Product 258,19,9,3698,3188,146,64,Active,2024-01-22
259,Product 259,20,10,4429,4099,193,77,Active,2024-02-20
260,Premium Product 260,1,11,160,5010,240,90,Discontinued,2024-03-20
261,Product 261,2,12,891,5921,287,103,Active,2024-04-18
262,Product 262,3,13,1622,6832,334,16,Active,2024-05-17
263,Product 263,4,14,2353,7743,381,29,Active,2024-06-15
264,Product 264,5,15,3084,654,428,42,Active,2024-07-14
265,Professional Product 265,6,16,3815,1565,475,55,Active,2024-08-12
266,Product 266,7,17,4546,2476,22,68,Active,2024-09-10
267,Product 267,8,18,277,3387,69,81,Active,2024-10-09
268,Product 268,9,19,1008,4298,116,94,Active,2024-11-07
269,Product 269,10,20,1739,5209,163,107,Active,2024-12-06
270,Premium Product 270,11,21,2470,6120,210,20,Inactive,2025-01-04
271,Product 271,12,22,3201,7031,257,33,Active,2025-02-02
272,Product 272,13,23,3932,7942,304,46,Active,2025-03-03
273,Product 273,14,24,4663,853,351,59,Active,2025-04-01
274,Product 274,15,25,394,1764,398,72,Active,2025-04-30
275,Professional Product 275,16,26,1125,2675,445,85,Active,2025-05-29
276,Product 276,17,27,1856,3586,492,98,Active,2020-01-05
277,Product 277,18,28,2587,4497,39,11,Active,2020-02-03
278,Product 278,19,29,3318,5408,86,24,Active,2020-03-03
279,Product 279,20,30,4049,6319,133,37,Active,2020-04-01
280,Premium Product 280,1,31,4780,7230,180,50,Discontinued,2020-04-30
281,Product 281,2,32,511,8141,227,63,Active,2020-05-29
282,Product 282,3,33,1242,1052,274,76,Active,2020-06-27
283,Product 283,4,34,1973,1963,321,89,Active,2020-07-26
284,Product 284,5,35,2704,2874,368,102,Active,2020-08-24
285,Professional Product 285,6,36,3435,3785,415,15,Inactive,2020-09-22
286,Product 286,7,37,4166,4696,462,28,Active,2020-10-21
287,Product 287,8,38,4897,5607,509,41,Active,2020-11-19
288,Product 288,9,39,628,6518,56,54,Active,2020-12-18
289,Product 289,10,40,1359,7429,103,67,Active,2021-01-16
290,Premium Product 290,11,41,2090,340,150,80,Active,2021-02-14
291,Product 291,12,42,2821,1251,197,93,Active,2021-03-15
292,Product 292,13,43,3552,2162,244,106,Active,2021-04-13
293,Product 293,14,44,4283,3073,291,19,Active,2021-05-12
294,Product 294,15,45,5014,3984,338,32,Active,2021-06-10
295,Professional Product 295,16,46,745,4895,385,45,Active,2021-07-09
296,Product 296,17,47,1476,5806,432,58,Active,2021-08-07
297,Product 297,18,48,2207,6717,479,71,Active,2021-09-05
298,Product 298,19,49,2938,7628,26,84,Active,2021-10-04
299,Product 299,20,50,3669,539,73,97,Active,2021-11-02
300,Premium Product 300,1,1,4400,1450,120,10,Discontinued,2021-12-01
301,Product 301,2,2,131,2361,167,23,Active,2021-12-30
302,Product 302,3,3,862,3272,214,36,Active,2022-01-28
303,Product 303,4,4,1593,4183,261,49,Active,2022-02-26
304,Product 304,5,5,2324,5094,308,62,Active,2022-03-27
305,Professional Product 305,6,6,3055,6005,355,75,Active,2022-04-25
306,Product 306,7,7,3786,6916,402,88,Active,2022-05-24
307,Product 307,8,8,4517,7827,449,101,Active,2022-06-22
308,Product 308,9,9,248,738,496,14,Active,2022-07-21
309,Product 309,10,10,979,1649,43,27,Active,2022-08-19
310,Premium Product 310,11,11,1710,2560,90,40,Active,2022-09-17
311,Product 311,12,12,2441,3471,137,53,Active,2022-10-16
312,Product 312,13,13,3172,4382,184,66,Active,2022-11-14
313,Product 313,14,14,3903,5293,231,79,Active,2022-12-13
314,Product 314,15,15,4634,6204,278,92,Active,2023-01-11
315,Professional Product 315,16,16,365,7115,325,105,Inactive,2023-02-09
316,Product 316,17,17,1096,8026,372,18,Active,2023-03-10
317,Product 317,18,18,1827,937,419,31,Active,2023-04-08
318,Product 318,19,19,2558,1848,466,44,Active,2023-05-07
319,Product 319,20,20,3289,2759,513,57,Active,2023-06-05
320,Premium Product 320,1,21,4020,3670,60,70,Discontinued,2023-07-04
321,Product 321,2,22,4751,4581,107,83,Active,2023-08-02
322,Product 322,3,23,482,5492,154,96,Active,2023-08-31
323,Product 323,4,24,1213,6403,201,109,Active,2023-09-29
324,Product 324,5,25,1944,7314,248,22,Active,2023-10-28
325,Professional Product 325,6,26,2675,225,295,35,Active,2023-11-26
326,Product 326,7,27,3406,1136,342,48,Active,2023-12-25
327,Product 327,8,28,4137,2047,389,61,Active,2024-01-23
328,Product 328,9,29,4868,2958,436,74,Active,2024-02-21
329,Product 329,10,30,599,3869,483,87,Active,2024-03-21
330,Premium Product 330,11,31,1330,4780,30,100,Inactive,2024-04-19
331,Product 331,12,32,2061,5691,77,13,Active,2024-05-18
332,Product 332,13,33,2792,6602,124,26,Active,2024-06-16
333,Product 333,14,34,3523,7513,171,39,Active,2024-07-15
334,Product 334,15,35,4254,424,218,52,Active,2024-08-13
335,Professional Product 335,16,36,4985,1335,265,65,Active,2024-09-11
336,Product 336,17,37,716,2246,312,78,Active,2024-10-10
337,Product 337,18,38,1447,3157,359,91,Active,2024-11-08
338,Product 338,19,39,2178,4068,406,104,Active,2024-12-07
339,Product 339,20,40,2909,4979,453,17,Active,2025-01-05
340,Premium Product 340,1,41,3640,5890,500,30,Discontinued,2025-02-03
341,Product 341,2,42,4371,6801,47,43,Active,2025-03-04
342,Product 342,3,43,102,7712,94,56,Active,2025-04-02
343,Product 343,4,44,833,623,141,69,Active,2025-05-01
344,Product 344,5,45,1564,1534,188,82,Active,2025-05-30
345,Professional Product 345,6,46,2295,2445,235,95,Inactive,2020-01-06
346,Product 346,7,47,3026,3356,282,108,Active,2020-02-04
347,Product 347,8,48,3757,4267,329,21,Active,2020-03-04
348,Product 348,9,49,4488,5178,376,34,Active,2020-04-02
349,Product 349,10,50,219,6089,423,47,Active,2020-05-01
350,Premium Product 350,11,1,950,7000,470,60,Active,2020-05-30
351,Product 351,12,2,1681,7911,517,73,Active,2020-06-28
352,Product 352,13,3,2412,822,64,86,Active,2020-07-27
353,Product 353,14,4,3143,1733,111,99,Active,2020-08-25
354,Product 354,15,5,3874,2644,158,12,Active,2020-09-23
355,Professional Product 355,16,6,4605,3555,205,25,Active,2020-10-22
356,Product 356,17,7,336,4466,252,38,Active,2020-11-20
357,Product 357,18,8,1067,5377,299,51,Active,2020-12-19
358,Product 358,19,9,1798,6288,346,64,Active,2021-01-17
359,Product 359,20,10,2529,7199,393,77,Active,2021-02-15
360,Premium Product 360,1,11,3260,8110,440,90,Discontinued,2021-03-16
361,Product 361,2,12,3991,1021,487,103,Active,2021-04-14
362,Product 362,3,13,4722,1932,34,16,Active,2021-05-13
363,Product 363,4,14,453,2843,81,29,Active,2021-06-11
364,Product 364,5,15,1184,3754,128,42,Active,2021-07-10
365,Professional Product 365,6,16,1915,4665,175,55,Active,2021-08-08
366,Product 366,7,17,2646,5576,222,68,Active,2021-09-06
367,Product 367,8,18,3377,6487,269,81,Active,2021-10-05
368,Product 368,9,19,4108,7398,316,94,Active,2021-11-03
369,Product 369,10,20,4839,309,363,107,Active,2021-12-02
370,Premium Product 370,11,21,570,1220,410,20,Active,2021-12-31
371,Product 371,12,22,1301,2131,457,33,Active,2022-01-29
372,Product 372,13,23,2032,3042,504,46,Active,2022-02-27
373,Product 373,14,24,2763,3953,51,59,Active,2022-03-28
374,Product 374,15,25,3494,4864,98,72,Active,2022-04-26
375,Professional Product 375,16,26,4225,5775,145,85,Inactive,2022-05-25
376,Product 376,17,27,4956,6686,192,98,Active,2022-06-23
377,Product 377,18,28,687,7597,239,11,Active,2022-07-22
378,Product 378,19,29,1418,508,286,24,Active,2022-08-20
379,Product 379,20,30,2149,1419,333,37,Active,2022-09-18
380,Premium Product 380,1,31,2880,2330,380,50,Discontinued,2022-10-17
381,Product 381,2,32,3611,3241,427,63,Active,2022-11-15
382,Product 382,3,33,4342,4152,474,76,Active,2022-12-14
383,Product 383,4,34,5073,5063,21,89,Active,2023-01-12
384,Product 384,5,35,804,5974,68,102,Active,2023-02-10
385,Professional Product 385,6,36,1535,6885,115,15,Active,2023-03-11
386,Product 386,7,37,2266,7796,162,28,Active,2023-04-09
387,Product 387,8,38,2997,707,209,41,Active,2023-05-08
388,Product 388,9,39,3728,1618,256,54,Active,2023-06-06
389,Product 389,10,40,4459,2529,303,67,Active,2023-07-05
390,Premium Product 390,11,41,190,3440,350,80,Inactive,2023-08-03
391,Product 391,12,42,921,4351,397,93,Active,2023-09-01
392,Product 392,13,43,1652,5262,444,106,Active,2023-09-30
393,Product 393,14,44,2383,6173,491,19,Active,2023-10-29
394,Product 394,15,45,3114,7084,38,32,Active,2023-11-27
395,Professional Product 395,16,46,3845,7995,85,45,Active,2023-12-26
396,Product 396,17,47,4576,906,132,58,Active,2024-01-24
397,Product 397,18,48,307,1817,179,71,Active,2024-02-22
398,Product 398,19,49,1038,2728,226,84,Active,2024-03-22
399,Product 399,20,50,1769,3639,273,97,Active,2024-04-20
400,Premium Product 400,1,1,2500,4550,320,10,Discontinued,2024-05-19
401,Product 401,2,2,3231,5461,367,23,Active,2024-06-17
402,Product 402,3,3,3962,6372,414,36,Active,2024-07-16
403,Product 403,4,4,4693,7283,461,49,Active,2024-08-14
404,Product 404,5,5,424,194,508,62,Active,2024-09-12
405,Professional Product 405,6,6,1155,1105,55,75,Inactive,2024-10-11
406,Product 406,7,7,1886,2016,102,88,Active,2024-11-09
407,Product 407,8,8,2617,2927,149,101,Active,2024-12-08
408,Product 408,9,9,3348,3838,196,14,Active,2025-01-06
409,Product 409,10,10,4079,4749,243,27,Active,2025-02-04
410,Premium Product 410,11,11,4810,5660,290,40,Active,2025-03-05
411,Product 411,12,12,541,6571,337,53,Active,2025-04-03
412,Product 412,13,13,1272,7482,384,66,Active,2025-05-02
413,Product 413,14,14,2003,393,431,79,Active,2025-05-31
414,Product 414,15,15,2734,1304,478,92,Active,2020-01-07
415,Professional Product 415,16,16,3465,2215,25,105,Active,2020-02-05
416,Product 416,17,17,4196,3126,72,18,Active,2020-03-05
417,Product 417,18,18,4927,4037,119,31,Active,2020-04-03
418,Product 418,19,19,658,4948,166,44,Active,2020-05-02
419,Product 419,20,20,1389,5859,213,57,Active,2020-05-31
420,Premium Product 420,1,21,2120,6770,260,70,Discontinued,2020-06-29
421,Product 421,2,22,2851,7681,307,83,Active,2020-07-28
422,Product 422,3,23,3582,592,354,96,Active,2020-08-26
423,Product 423,4,24,4313,1503,401,109,Active,2020-09-24
424,Product 424,5,25,5044,2414,448,22,Active,2020-10-23
425,Professional Product 425,6,26,775,3325,495,35,Active,2020-11-21
426,Product 426,7,27,1506,4236,42,48,Active,2020-12-20
427,Product 427,8,28,2237,5147,89,61,Active,2021-01-18
428,Product 428,9,29,2968,6058,136,74,Active,2021-02-16
429,Product 429,10,30,3699,6969,183,87,Active,2021-03-17
430,Premium Product 430,11,31,4430,7880,230,100,Active,2021-04-15
431,Product 431,12,32,161,791,277,13,Active,2021-05-14
432,Product 432,13,33,892,1702,324,26,Active,2021-06-12
433,Product 433,14,34,1623,2613,371,39,Active,2021-07-11
434,Product 434,15,35,2354,3524,418,52,Active,2021-08-09
435,Professional Product 435,16,36,3085,4435,465,65,Inactive,2021-09-07
436,Product 436,17,37,3816,5346,512,78,Active,2021-10-06
437,Product 437,18,38,4547,6257,59,91,Active,2021-11-04
438,Product 438,19,39,278,7168,106,104,Active,2021-12-03
439,Product 439,20,40,1009,8079,153,17,Active,2022-01-01
440,Premium Product 440,1,41,1740,990,200,30,Discontinued,2022-01-30
441,Product 441,2,42,2471,1901,247,43,Active,2022-02-28
442,Product 442,3,43,3202,2812,294,56,Active,2022-03-29
443,Product 443,4,44,3933,3723,341,69,Active,2022-04-27
444,Product 444,5,45,4664,4634,388,82,Active,2022-05-26
445,Professional Product 445,6,46,395,5545,435,95,Active,2022-06-24
446,Product 446,7,47,1126,6456,482,108,Active,2022-07-23
447,Product 447,8,48,1857,7367,29,21,Active,2022-08-21
448,Product 448,9,49,2588,278,76,34,Active,2022-09-19
449,Product 449,10,50,3319,1189,123,47,Active,2022-10-18
450,Premium Product 450,11,1,4050,2100,170,60,Inactive,2022-11-16
451,Product 451,12,2,4781,3011,217,73,Active,2022-12-15
452,Product 452,13,3,512,3922,264,86,Active,2023-01-13
453,Product 453,14,4,1243,4833,311,99,Active,2023-02-11
454,Product 454,15,5,1974,5744,358,12,Active,2023-03-12
455,Professional Product 455,16,6,2705,6655,405,25,Active,2023-04-10
456,Product 456,17,7,3436,7566,452,38,Active,2023-05-09
457,Product 457,18,8,4167,477,499,51,Active,2023-06-07
458,Product 458,19,9,4898,1388,46,64,Active,2023-07-06
459,Product 459,20,10,629,2299,93,77,Active,2023-08-04
460,Premium Product 460,1,11,1360,3210,140,90,Discontinued,2023-09-02
461,Product 461,2,12,2091,4121,187,103,Active,2023-10-01
462,Product 462,3,13,2822,5032,234,16,Active,2023-10-30
463,Product 463,4,14,3553,5943,281,29,Active,2023-11-28
464,Product 464,5,15,4284,6854,328,42,Active,2023-12-27
465,Professional Product 465,6,16,5015,7765,375,55,Inactive,2024-01-25
466,Product 466,7,17,746,676,422,68,Active,2024-02-23
467,Product 467,8,18,1477,1587,469,81,Active,2024-03-23
468,Product 468,9,19,2208,2498,516,94,Active,2024-04-21
469,Product 469,10,20,2939,3409,63,107,Active,2024-05-20
470,Premium Product 470,11,21,3670,4320,110,20,Active,2024-06-18
471,Product 471,12,22,4401,5231,157,33,Active,2024-07-17
472,Product 472,13,23,132,6142,204,46,Active,2024-08-15
473,Product 473,14,24,863,7053,251,59,Active,2024-09-13
474,Product 474,15,25,1594,7964,298,72,Active,2024-10-12
475,Professional Product 475,16,26,2325,875,345,85,Active,2024-11-10
476,Product 476,17,27,3056,1786,392,98,Active,2024-12-09
477,Product 477,18,28,3787,2697,439,11,Active,2025-01-07
478,Product 478,19,29,4518,3608,486,24,Active,2025-02-05
479,Product 479,20,30,249,4519,33,37,Active,2025-03-06
480,Premium Product 480,1,31,980,5430,80,50,Discontinued,2025-04-04
481,Product 481,2,32,1711,6341,127,63,Active,2025-05-03
482,Product 482,3,33,2442,7252,174,76,Active,2025-06-01
483,Product 483,4,34,3173,163,221,89,Active,2020-01-08
484,Product 484,5,35,3904,1074,268,102,Active,2020-02-06
485,Professional Product 485,6,36,4635,1985,315,15,Active,2020-03-06
486,Product 486,7,37,366,2896,362,28,Active,2020-04-04
487,Product 487,8,38,1097,3807,409,41,Active,2020-05-03
488,Product 488,9,39,1828,4718,456,54,Active,2020-06-01
489,Product 489,10,40,2559,5629,503,67,Active,2020-06-30
490,Premium Product 490,11,41,3290,6540,50,80,Active,2020-07-29
491,Product 491,12,42,4021,7451,97,93,Active,2020-08-27
492,Product 492,13,43,4752,362,144,106,Active,2020-09-25
493,Product 493,14,44,483,1273,191,19,Active,2020-10-24
494,Product 494,15,45,1214,2184,238,32,Active,2020-11-22
495,Professional Product 495,16,46,1945,3095,285,45,Inactive,2020-12-21
496,Product 496,17,47,2676,4006,332,58,Active,2021-01-19
497,Product 497,18,48,3407,4917,379,71,Active,2021-02-17
498,Product 498,19,49,4138,5828,426,84,Active,2021-03-18
499,Product 499,20,50,4869,6739,473,97,Active,2021-04-16
500,Premium Product 500,1,1,600,7650,20,10,Discontinued,2021-05-15
