supplier_id,supplier_name,city,country,contact_email,rating
1,Supplier 1,Chittagong,Bangladesh,supplier1@example.com,4.7
2,Supplier 2,Gazipur,Bangladesh,supplier2@example.com,4.3
3,Supplier 3,Narayanganj,China,supplier3@example.com,3.9
4,Supplier 4,Shanghai,China,supplier4@example.com,3.5
5,Supplier 5,Delhi,India,supplier5@example.com,3.1
6,Supplier 6,Bangkok,Thailand,supplier6@example.com,4.8
7,Supplier 7,Dhaka,Bangladesh,supplier7@example.com,4.4
8,Supplier 8,Chittagong,Bangladesh,supplier8@example.com,4.0
9,Supplier 9,Gazipur,Bangladesh,supplier9@example.com,3.6
10,Supplier 10,Narayanganj,China,supplier10@example.com,3.2
11,Supplier 11,Shanghai,China,supplier11@example.com,4.9
12,Supplier 12,Delhi,India,supplier12@example.com,4.5
13,Supplier 13,Bangkok,Thailand,supplier13@example.com,4.1
14,Supplier 14,Dhaka,Bangladesh,supplier14@example.com,3.7
15,Supplier 15,Chittagong,Bangladesh,supplier15@example.com,3.3
16,Supplier 16,Gazipur,Bangladesh,supplier16@example.com,5.0
17,Supplier 17,Narayanganj,China,supplier17@example.com,4.6
18,Supplier 18,Shanghai,China,supplier18@example.com,4.2
19,Supplier 19,Delhi,India,supplier19@example.com,3.8
20,Supplier 20,Bangkok,Thailand,supplier20@example.com,3.4
21,Supplier 21,Dhaka,Bangladesh,supplier21@example.com,3.0
22,Supplier 22,Chittagong,Bangladesh,supplier22@example.com,4.7
23,Supplier 23,Gazipur,Bangladesh,supplier23@example.com,4.3
24,Supplier 24,Narayanganj,China,supplier24@example.com,3.9
25,Supplier 25,Shanghai,China,supplier25@example.com,3.5
26,Supplier 26,Delhi,India,supplier26@example.com,3.1
27,Supplier 27,Bangkok,Thailand,supplier27@example.com,4.8
28,Supplier 28,Dhaka,Bangladesh,supplier28@example.com,4.4
29,Supplier 29,Chittagong,Bangladesh,supplier29@example.com,4.0
30,Supplier 30,Gazipur,Bangladesh,supplier30@example.com,3.6
31,Supplier 31,Narayanganj,China,supplier31@example.com,3.2
32,Supplier 32,Shanghai,China,supplier32@example.com,4.9
33,Supplier 33,Delhi,India,supplier33@example.com,4.5
34,Supplier 34,Bangkok,Thailand,supplier34@example.com,4.1
35,Supplier 35,Dhaka,Bangladesh,supplier35@example.com,3.7
36,Supplier 36,Chittagong,Bangladesh,supplier36@example.com,3.3
37,Supplier 37,Gazipur,Bangladesh,supplier37@example.com,5.0
38,Supplier 38,Narayanganj,China,supplier38@example.com,4.6
39,Supplier 39,Shanghai,China,supplier39@example.com,4.2
40,Supplier 40,Delhi,India,supplier40@example.com,3.8
41,Supplier 41,Bangkok,Thailand,supplier41@example.com,3.4
42,Supplier 42,Dhaka,Bangladesh,supplier42@example.com,3.0
43,Supplier 43,Chittagong,Bangladesh,supplier43@example.com,4.7
44,Supplier 44,Gazipur,Bangladesh,supplier44@example.com,4.3
45,Supplier 45,Narayanganj,China,supplier45@example.com,3.9
46,Supplier 46,Shanghai,China,supplier46@example.com,3.5
47,Supplier 47,Delhi,India,supplier47@example.com,3.1
48,Supplier 48,Bangkok,Thailand,supplier48@example.com,4.8
49,Supplier 49,Dhaka,Bangladesh,supplier49@example.com,4.4
50,Supplier 50,Chittagong,Bangladesh,supplier50@example.com,4.0
